{"cameraMode":{"drawMode":0,"name":"Shaded","section":"Shading Mode"},"sceneLighting":true,"audioPlay":false,"sceneViewState":{"showFog":true,"showMaterialUpdate":false,"showSkybox":true,"showFlares":true,"showImageEffects":true,"showParticleSystems":true},"in2DMode":false,"pivot":{"x":0.25765013694763186,"y":0.26544731855392458,"z":1.274030327796936},"rotation":{"x":0.10766065865755081,"y":-0.5702366828918457,"z":0.07571161538362503,"w":0.8108686804771423},"size":3.8074886798858644,"orthographic":false}